step	bar
0	7.119052491574245
1	6.587267767417552
2	5.560168747885073
3	4.130584109406183
4	3.7829197712301506
5	2.549631392602289
6	1.3209188103493945
7	0.8578010081484164
