step	bar
0	4.506104202752717
1	3.0747563009364436
2	2.855757853371734
3	1.5353552331561557
4	0.40628147663424663
