step	bar
0	2.88944671129767
1	1.588391494837371
2	0.7421502776729687
