step	bar
0	7.877706917475443
1	6.480694309245518
2	5.717919378453832
3	4.142127428480787
4	3.9856528021373707
5	2.6431412949494364
6	1.0829042852754718
7	0.7706129389789345
