{
    "foo": 2.793267971262515,
    "bar": 0.8579033689068014,
    "nested": {
        "bar": 0.7421502776729687
    },
    "step": 2
}
