{
    "foo": 7.857754470383997,
    "bar": 0.7448493507183018,
    "nested": {
        "bar": 0.8578010081484164
    },
    "step": 7
}
