{
    "foo": 7.248690554220129,
    "bar": 0.5053597912711805,
    "nested": {
        "bar": 0.7706129389789345
    },
    "step": 7
}
