{
    "foo": 4.2656643249229065,
    "bar": 0.910898491534887,
    "nested": {
        "bar": 0.40628147663424663
    },
    "step": 4
}
