{
    "foo": 0.49267475451194354,
    "bar": 0.9700846003364957,
    "nested": {
        "bar": 0.32827467837112356
    },
    "step": 0
}
