step	bar
0	7.703084112507681
1	6.992944831984584
2	5.214061801679296
3	4.3929597153783435
4	3.431142830315281
5	2.141659628761044
6	1.8005272082760442
7	0.5053597912711805
