step	bar
0	7.617953043279537
1	6.0213050251417135
2	5.498429693295442
3	4.606181676175126
4	3.7655281484066734
5	2.0460908241779148
6	1.1981023630691556
7	0.7448493507183018
