step	bar
0	2.6439537759531015
1	1.5539302552301315
2	0.8579033689068014
