step	bar
0	4.8501505796391635
1	3.5294156113483375
2	2.0759835899695998
3	1.3548165728562904
4	0.910898491534887
