step	foo
0	0.07438857136749844
1	1.0571831622689103
2	2.112266830286279
3	3.085184496398922
4	4.2656643249229065
