step	foo
0	0.00423479454262865
1	1.5532690652493597
2	2.793267971262515
