step	foo
0	0.7574192294654171
1	1.7483034024334612
2	2.6469902755108987
3	3.3288891439702653
4	4.53684586263026
5	5.022904270994818
6	6.91961075069856
7	7.857754470383997
