step	foo
0	0.6553841271812988
1	1.8131811266335958
2	2.5924278901176225
3	3.2407070658429356
4	4.371458440986869
5	5.76056438627905
6	6.478571103572344
7	7.248690554220129
